ModelName,DatasetName,Seed,EventId,CI,IBS,MAEH,MAEM,MAEPO,DCalib,GlobalCI,LocalCI
deepsurv,seer_cr,0,1,0.606614820928033,0.0977568617784055,7.669535895330735,22.53420445446861,66.95292655934772,0.9469442724722464,0.7111460786229055,0.7899686520376176
deepsurv,seer_cr,0,2,0.732988674365124,0.1569283553834629,18.72006496723328,29.349322392710448,37.31640400052135,0.0127187253586372,0.7111460786229055,0.7899686520376176
deephit,seer_cr,0,1,0.5651931669891138,0.1047794618978018,17.6781170238846,108.49454341077868,130.19697863413586,0.0003937239455338,0.7204878180478137,0.7863860277653381
deephit,seer_cr,0,2,0.7529378082115736,0.1705274640007349,20.333215582978788,27.937720256905603,37.14350777219423,1.140449000382456e-16,0.7204878180478137,0.7863860277653381
hierarch,seer_cr,0,1,0.5664095698558397,0.158589840160427,7.658838613327147,47.56054888951818,93.4730559475798,5.168493021388696e-87,0.7102572698541193,0.7053291536050157
hierarch,seer_cr,0,2,0.7403153331434933,0.1574884768221167,18.390569244118428,26.54741851173363,35.89135024552064,4.850083761159275e-06,0.7102572698541193,0.7053291536050157
mtlrcr,seer_cr,0,1,0.5426226826541444,0.1385323787159095,7.485082964539121,43.90952903036968,90.92485540498195,1.0196233872615499e-79,0.6638617072228626,0.7407075682937752
mtlrcr,seer_cr,0,2,0.6891955170347129,0.1723582662514508,18.87082547974716,31.70805685290184,41.17289524573454,1.5328325079431058e-17,0.6638617072228626,0.7407075682937752
dsm,seer_cr,0,1,0.6059100698232465,0.0996285029570204,13.61191855982394,63.77253206757152,91.26037465243851,0.0706448342065514,0.7247475525871435,0.7953425884460367
dsm,seer_cr,0,2,0.7495795421018167,0.1512481270717347,20.969573316512992,44.513263966767006,47.66270065443111,0.0010001166446664,0.7247475525871435,0.7953425884460367
mensa,seer_cr,0,1,0.579648559196018,0.0981557134656977,7.411798962196646,23.38411768831917,68.7629705008321,0.2990493851838003,0.7290842421071719,0.7890729959695477
mensa,seer_cr,0,2,0.7603099566280715,0.1473654115227655,16.813326634921506,26.79809152530901,34.9608137049458,0.683978244147209,0.7290842421071719,0.7890729959695477
deepsurv,mimic_cr,0,1,0.63549386302255,0.1170656687734228,475.4430364325482,3940.321972746625,9766.95623301002,0.999999262588486,0.7307609563376045,0.8515255694026643
deepsurv,mimic_cr,0,2,0.6844314408358305,0.0807121112974854,537.5212706900363,7814.183416225231,16715.78331638014,0.998761168217598,0.7307609563376045,0.8515255694026643
deepsurv,mimic_cr,0,3,0.7504843108668393,0.1531711441361697,407.8115156342976,997.9922395220834,1315.9704113219716,0.9209596812366616,0.7307609563376045,0.8515255694026643
deephit,mimic_cr,0,1,0.5699298023867755,0.1212778381820562,788.625521087852,5761.081093685599,9074.976809884312,0.9998491489013294,0.6845195385600849,0.8470133218736571
deephit,mimic_cr,0,2,0.6182210253502876,0.0855512615208525,610.581934407495,4668.762710375085,13221.267897933045,0.9999999221289212,0.6845195385600849,0.8470133218736571
deephit,mimic_cr,0,3,0.7093861207919783,0.1891078952793932,619.6222050488881,1189.2349772446123,1542.254791314448,4.095233906390289e-21,0.6845195385600849,0.8470133218736571
hierarch,mimic_cr,0,1,0.5165688472231276,0.8220299772710424,805.2143937565801,8972.211264367848,15668.892780871072,0.0,0.6815809751814391,0.7105715513536742
hierarch,mimic_cr,0,2,0.6154146756297076,0.8726037335433949,789.1829980336083,13752.064842158095,25446.423955435763,0.0,0.6815809751814391,0.7105715513536742
hierarch,mimic_cr,0,3,0.7142216783475451,0.4484181489932007,808.9228432573962,1989.574113609584,2378.8362666275107,0.0,0.6815809751814391,0.7105715513536742
mtlrcr,mimic_cr,0,1,0.5916834107481416,0.2424101670149848,197.7390298637096,6880.480652820014,13576.425071186964,1.869479382185861e-101,0.6828821878957401,0.7223893425010743
mtlrcr,mimic_cr,0,2,0.6357981695958532,0.1750952471331931,115.49875018162628,11337.103617873829,23031.462731151496,6.769353744453145e-38,0.6828821878957401,0.7223893425010743
mtlrcr,mimic_cr,0,3,0.7020586960037979,0.1790636242099765,415.2705888168711,1139.8572637873797,1515.3854174600035,4.829381210918649e-62,0.6828821878957401,0.7223893425010743
dsm,mimic_cr,0,1,0.603057577913116,0.119738152009527,624.3016561652038,3037.715019615572,7858.531721348951,0.9997254878563157,0.7244695079193512,0.8483025354533734
dsm,mimic_cr,0,2,0.6346663157042196,0.085689163067329,616.1112551268805,4788.190964472927,13090.82507885793,0.9999958097195196,0.7244695079193512,0.8483025354533734
dsm,mimic_cr,0,3,0.7529306525496606,0.1542934331003259,412.54127698445296,1068.303759788527,1352.878884187364,0.1753426460704723,0.7244695079193512,0.8483025354533734
deepsurv,rotterdam_cr,0,1,0.8623052374694951,0.0936677997129185,334.7370059945001,16316.208778675442,27512.10341308614,0.9967513791811696,0.6790562963856875,0.8656716417910447
deepsurv,rotterdam_cr,0,2,0.6630443697203313,0.3361522805811817,1179.753278918426,2548.493715457056,4009.444907124995,0.7573773392110102,0.6790562963856875,0.8656716417910447
deephit,rotterdam_cr,0,1,0.770227144734372,0.1182422037124545,379.06289194978666,2171.869364496033,16958.321440267315,0.0006641796590536,0.6638960960598564,0.8925373134328358
deephit,rotterdam_cr,0,2,0.6546051012876241,0.3296301579692244,1287.6522613378795,2780.4366911815364,4280.686714120112,0.0050889998675932,0.6638960960598564,0.8925373134328358
hierarch,rotterdam_cr,0,1,0.8471935423315187,1.4794200555815846,2148.4966462010475,10849.933061945429,25852.166046163315,0.0,0.656308453508719,0.7731343283582089
hierarch,rotterdam_cr,0,2,0.6396292954974165,0.8042274794566301,2160.845710623125,4247.102796837101,5755.90927390993,0.0,0.656308453508719,0.7731343283582089
mtlrcr,rotterdam_cr,0,1,0.8685000938614604,0.1973801041620459,135.93988179037672,6159.983497114107,21162.216481332,0.0003054038943592,0.6899097930368672,0.8626865671641791
mtlrcr,rotterdam_cr,0,2,0.674304929057656,0.3849849979559062,968.6113761141632,2857.623635998317,4366.4301130711465,1.6285226818787992e-05,0.6899097930368672,0.8626865671641791
dsm,rotterdam_cr,0,1,0.8131218321757087,0.1378407102088748,2.6609775315076068e+16,2.6609775315081736e+16,2.6609775315095844e+16,0.9875909144824392,0.6929116635491462,0.8626865671641791
dsm,rotterdam_cr,0,2,0.6824079389813827,0.2899508471616909,1057.8230133118057,2519.6705993928217,3995.840774013182,0.9348992660306868,0.6929116635491462,0.8626865671641791
mensa,rotterdam_cr,0,1,0.8642763281396658,0.2658469764359483,163.330644964083,5588.28167763226,20590.51466185015,0.9993420624106704,0.6900380136366379,0.8835820895522388
mensa,rotterdam_cr,0,2,0.6748134175346511,0.3355525933356175,978.9500681961912,2622.746395808029,4131.528822789706,0.1826481606975073,0.6900380136366379,0.8835820895522388
deepsurv,seer_cr,1,1,0.5927448382596053,0.1000223621009197,8.153986483218196,23.741003608934808,68.84392408584455,0.9999369310279616,0.7194759570953431,0.7949640287769785
deepsurv,seer_cr,1,2,0.7476963452210814,0.1524613524103172,17.730333109420865,28.242848700743103,36.13464508527532,0.012086474834331,0.7194759570953431,0.7949640287769785
deephit,seer_cr,1,1,0.567041071156394,0.1067302456662819,19.072607034811845,122.9997176602837,143.64182621658313,4.208512378556627e-05,0.7190757972022118,0.783273381294964
deephit,seer_cr,1,2,0.7529307731309288,0.1701469142159673,20.09275814178851,27.45629319344704,36.56501659215804,6.8621658863702285e-15,0.7190757972022118,0.783273381294964
hierarch,seer_cr,1,1,0.5957768111524077,0.1645091205714032,7.603935478546859,43.952413258138826,91.51099385008152,1.248706663101676e-100,0.7222802793346669,0.7225719424460432
hierarch,seer_cr,1,2,0.7504499743878807,0.15882182347925,18.34073752860851,26.53221499803644,35.61309708145453,1.5818861527606846e-12,0.7222802793346669,0.7225719424460432
mtlrcr,seer_cr,1,1,0.5261270239532894,0.1314438679270353,7.451891531237004,41.56036466941882,89.80620945293605,1.468950684368044e-50,0.651614262945621,0.7589928057553957
mtlrcr,seer_cr,1,2,0.6795576648639843,0.1859606341639472,19.69406985546821,34.52103448475308,44.01312734931888,1.73657142655537e-65,0.651614262945621,0.7589928057553957
dsm,seer_cr,1,1,0.6126203233635437,0.1022040664494991,17.067739540826032,103.43488060509212,125.61228742771344,0.9395460088665544,0.7362809643469066,0.7976618705035972
dsm,seer_cr,1,2,0.7638176208247155,0.1461591367871849,19.75394031645256,44.56950642035694,47.28474206601477,0.4348697045223104,0.7362809643469066,0.7976618705035972
mensa,seer_cr,1,1,0.5708070019111043,0.0997715941747706,8.12102448775322,24.45519780989626,69.99579599796508,0.9996159706207624,0.7274757384380696,0.7810251798561151
mensa,seer_cr,1,2,0.7623626122586235,0.1471034342015363,16.49833872978544,26.79053641651893,34.88835941237987,0.2307383693586581,0.7274757384380696,0.7810251798561151
deepsurv,mimic_cr,1,1,0.6023424871226468,0.1091822524221259,397.7967915465388,3262.6679719936906,10517.527649353377,0.99999843801093,0.7199581931761919,0.8680795847750865
deepsurv,mimic_cr,1,2,0.7197134827291952,0.0680656992975787,367.9430633454461,63666.93651868965,74377.9022679343,0.99999346150137,0.7199581931761919,0.8680795847750865
deepsurv,mimic_cr,1,3,0.7388523023598581,0.153631573907125,414.9960118821768,984.5203951420192,1318.2793523979674,0.9584754717114532,0.7199581931761919,0.8680795847750865
deephit,mimic_cr,1,1,0.5432150110838782,0.1126459933626177,862.4281248343628,8880.550742302225,13173.13952699928,0.8617130451779778,0.6915096384126638,0.8598615916955017
deephit,mimic_cr,1,2,0.6267947909323638,0.0749539667581243,613.7042078831581,6665.262492221652,15969.3404388583,0.9996507304777285,0.6915096384126638,0.8598615916955017
deephit,mimic_cr,1,3,0.7213302883551179,0.1841519421072815,486.036986978161,948.6882482099996,1321.3731589858148,1.9752532647038067e-18,0.6915096384126638,0.8598615916955017
hierarch,mimic_cr,1,1,0.5837186108206107,0.8612540867303338,818.2228357281324,7796.7754348707795,15780.49237610014,0.0,0.6853772933199697,0.7441608996539792
hierarch,mimic_cr,1,2,0.6187808407227395,0.9186637799173596,808.5642558363531,12683.317099849375,27039.46957564205,0.0,0.6853772933199697,0.7441608996539792
hierarch,mimic_cr,1,3,0.7078904887621947,0.454611684624262,829.0369002288644,1995.4110482581864,2394.6435000821302,0.0,0.6853772933199697,0.7441608996539792
mtlrcr,mimic_cr,1,1,0.5452056675159596,0.3245409518936324,235.6800922955682,5926.520826119845,13910.237767349208,4.6883476836309956e-122,0.6677777023611863,0.6708477508650519
mtlrcr,mimic_cr,1,2,0.6769631395391978,0.1930562923965285,105.7882806762372,10279.222705014505,24635.375180807183,7.33895915937719e-46,0.6677777023611863,0.6708477508650519
mtlrcr,mimic_cr,1,3,0.6865888145640661,0.1777869231906257,425.5014823847839,1113.603503270234,1502.0733612346985,2.8290265991031924e-50,0.6677777023611863,0.6708477508650519
dsm,mimic_cr,1,1,0.5772351814539195,0.1099454885857375,576.6644356475882,3081.394398648636,9016.314034716075,0.9976578125174508,0.7149102965583275,0.863538062283737
dsm,mimic_cr,1,2,0.6438800875598264,0.0742918665227896,542.7223400380303,5815.035805071467,15692.010402696727,0.9999952585495464,0.7149102965583275,0.863538062283737
dsm,mimic_cr,1,3,0.7436152097741641,0.1542990787904033,415.2461016033091,1056.2068303276362,1345.711582226903,0.1820161321651104,0.7149102965583275,0.863538062283737
mensa,mimic_cr,1,1,0.5667973581741413,0.1125483865807048,212.7891750040728,4037.850598813047,12021.567540042408,0.9714920657585416,0.7147195921164472,0.8626730103806228
mensa,mimic_cr,1,2,0.6626906095796387,0.0732029239449309,141.18159156388322,7873.808995817718,22226.401193809008,0.9988521742077162,0.7147195921164472,0.8626730103806228
mensa,mimic_cr,1,3,0.7432990503339219,0.1529427188099306,427.4527798038736,939.2902560240432,1287.129745637242,0.0120356598368669,0.7147195921164472,0.8626730103806228
deepsurv,rotterdam_cr,1,1,0.809810744292625,0.0662825273352788,405.0334923895677,7487.943096444261,12809.926069126412,0.9995932626164968,0.6704165653864852,0.8623853211009175
deepsurv,rotterdam_cr,1,2,0.656713803028407,0.1974650619930712,1241.010143754803,2713.9810179311166,4039.408820409307,0.3627628758493526,0.6704165653864852,0.8623853211009175
deephit,rotterdam_cr,1,1,0.7874904523466011,0.0677472245012985,446.25791337573054,2750.9382910097206,10633.407922982631,0.1282996264382895,0.6586427442877978,0.8868501529051988
deephit,rotterdam_cr,1,2,0.645976723814291,0.1999912935687266,1222.9474080478649,2831.128619622817,4263.825425716513,0.1844620392838428,0.6586427442877978,0.8868501529051988
hierarch,rotterdam_cr,1,1,0.8155817703471102,0.8951676882990779,2143.6840052110647,12456.465337279224,20709.148177028863,0.0,0.6242024185707341,0.6880733944954128
hierarch,rotterdam_cr,1,2,0.6053893964042881,0.5280488282836449,2155.5168503222176,4260.5371181566925,5712.452320288016,0.0,0.6242024185707341,0.6880733944954128
mtlrcr,rotterdam_cr,1,1,0.8104048205041161,0.0785548951451341,157.94704271693115,7660.59253617483,15913.275375924475,0.0096777417070497,0.6680238210986874,0.8256880733944955
mtlrcr,rotterdam_cr,1,2,0.654027447545155,0.2024169383362298,978.49320863427,2902.6255790366545,4354.540781167978,4.117037390531456e-07,0.6680238210986874,0.8256880733944955
dsm,rotterdam_cr,1,1,0.8260205380633115,0.0761515014000734,1238.3321656705682,50028.2942125821,49151.56203693346,0.9693332024659936,0.6764022241127856,0.8868501529051988
dsm,rotterdam_cr,1,2,0.6616944062069828,0.1932224769345696,1039.5400590928327,2747.359031509673,4199.2742336409965,0.5258629601488688,0.6764022241127856,0.8868501529051988
mensa,rotterdam_cr,1,1,0.8219468726130866,0.0564741927176334,172.008989438137,7271.829251307355,15524.512091057,0.9999835384782964,0.6882823894020418,0.8593272171253823
mensa,rotterdam_cr,1,2,0.6751428690610269,0.1848366297080406,974.3338995624304,2687.063753826931,4138.978955958254,0.0219366297076739,0.6882823894020418,0.8593272171253823
deepsurv,seer_cr,2,1,0.5835276185892133,0.0970126344778947,7.608675508838242,22.1043096409574,62.05601770496142,0.9948521459709652,0.6918372244016132,0.7835990888382688
deepsurv,seer_cr,2,2,0.7144591384354068,0.1648639326484629,19.594136110006293,29.270774787996213,37.68694551677194,0.0624522320209407,0.6918372244016132,0.7835990888382688
deephit,seer_cr,2,1,0.5621035954053417,0.1033240602585961,19.28285679849547,108.64918871783306,120.00503905495115,0.0027173099675171,0.7157854751642556,0.7835990888382688
deephit,seer_cr,2,2,0.747883997233292,0.171356479559932,20.40010164719813,28.11620941685616,37.07248924693904,1.3650007737720845e-17,0.7157854751642556,0.7835990888382688
hierarch,seer_cr,2,1,0.5503787935763027,0.1505893809689922,7.431054113435668,42.612113505003975,83.49399553382607,5.408866548516323e-74,0.7081770257399137,0.7029612756264237
hierarch,seer_cr,2,2,0.7411353032252255,0.1605274627275825,19.301462975065338,27.06782420752408,35.76493961245274,5.090906459129315e-14,0.7081770257399137,0.7029612756264237
mtlrcr,seer_cr,2,1,0.5761510461320939,0.130368194709968,7.054299279870797,42.6699448223826,84.78446162548617,1.0234319819285489e-71,0.6668862661120806,0.738496583143508
mtlrcr,seer_cr,2,2,0.6858375339228034,0.1778167342122354,19.056523144248903,32.83761003712659,42.1511873208695,3.5065763680096826e-27,0.6668862661120806,0.738496583143508
dsm,seer_cr,2,1,0.5696869876509785,0.0997213042879405,17.1227700134469,100.63849068965771,116.48294867962848,0.6470138254386024,0.7221083799061743,0.7863325740318906
dsm,seer_cr,2,2,0.75394363225194,0.1510831082241609,20.80751400435351,45.819857406932776,48.43670611445437,0.0529334054863657,0.7221083799061743,0.7863325740318906
mensa,seer_cr,2,1,0.5793661537535911,0.0965646285386934,7.513115915335973,23.74193146274169,63.397437166921456,0.5025404699212632,0.7262833681790442,0.7886104783599088
mensa,seer_cr,2,2,0.7569689991522899,0.1493876271875552,16.912642366430564,26.77809413817462,34.82180160330946,0.6885192464515149,0.7262833681790442,0.7886104783599088
deepsurv,mimic_cr,2,1,0.6494339286485553,0.100789775449286,406.01731890248624,5219.126804168199,10426.437143332458,0.9999992650017364,0.7278323956570428,0.8526863084922011
deepsurv,mimic_cr,2,2,0.6379200501372757,0.07365912835981,463.9243924493261,6187.422089687383,14329.89681005788,0.9999922432174072,0.7278323956570428,0.8526863084922011
deepsurv,mimic_cr,2,3,0.75021597418816,0.1460180924114167,390.5962237087859,989.0000565668596,1295.696310731592,0.98029613479948,0.7278323956570428,0.8526863084922011
deephit,mimic_cr,2,1,0.5738619185418736,0.1062870123487725,867.7588891425802,9187.617003932804,11392.261823822017,0.6574340988453535,0.6960252080158403,0.8522530329289428
deephit,mimic_cr,2,2,0.5857573613183448,0.0774286304641359,708.1520180592801,7159.88298116172,13345.383338904963,0.757273276150064,0.6960252080158403,0.8522530329289428
deephit,mimic_cr,2,3,0.7277306602716838,0.1774914992771243,471.9772757374354,931.3243737887268,1290.9688767708965,1.604530703407313e-19,0.6960252080158403,0.8522530329289428
hierarch,mimic_cr,2,1,0.5616631753984365,0.8086311517388092,787.3744263921863,8125.040039256245,14133.897933954357,0.0,0.6925641289475734,0.7439341421143848
hierarch,mimic_cr,2,2,0.590407925673979,0.8571432035174854,786.7667082981568,13337.851426439163,24208.574088197,0.0,0.6925641289475734,0.7439341421143848
hierarch,mimic_cr,2,3,0.7248357018387047,0.4440852720900491,804.4275743484316,1985.1713969818368,2366.1620383687264,0.0,0.6925641289475734,0.7439341421143848
mtlrcr,mimic_cr,2,1,0.613590841359651,0.2759054944272658,205.80241988730367,6285.382833897391,12294.2407285955,2.8196014306474e-107,0.6807208875157125,0.6919410745233969
mtlrcr,mimic_cr,2,2,0.5608941700890476,0.1839096983256533,154.93383686090897,10967.501609815648,21838.22427157348,6.28136205287594e-65,0.6807208875157125,0.6919410745233969
mtlrcr,mimic_cr,2,3,0.7044434168720278,0.1637350859650105,397.7534900730541,1067.728732456358,1430.4874057251548,7.814637059868089e-44,0.6807208875157125,0.6919410745233969
dsm,mimic_cr,2,1,0.6060702176823738,0.1049628082210185,620.1894355757141,3176.1395569991923,6938.719053776944,0.9999765608338256,0.7178837308252778,0.8522530329289428
dsm,mimic_cr,2,2,0.5948073886074662,0.0766677136906073,645.6634351739881,5144.028318905047,11914.396086714944,0.9999740582439156,0.7178837308252778,0.8522530329289428
dsm,mimic_cr,2,3,0.7492589890821044,0.1497038366458688,397.85176387645953,1018.5316503087552,1309.430885621805,0.294812652999833,0.7178837308252778,0.8522530329289428
deepsurv,rotterdam_cr,2,1,0.8268653516295026,0.0542215859008471,475.5697958633058,31651.882581199112,33779.065124544955,0.9995161069903964,0.6727745543095932,0.8875379939209727
deepsurv,rotterdam_cr,2,2,0.6611570915909605,0.1951494709519024,1190.495610052266,2565.518272348827,3776.1449481658233,0.888015658581483,0.6727745543095932,0.8875379939209727
deephit,rotterdam_cr,2,1,0.7161234991423671,0.0597912514089106,355.8804874859416,2112.457689545836,10003.322492062678,0.0376476516251938,0.612211766828007,0.9088145896656536
deephit,rotterdam_cr,2,2,0.6043774853706637,0.2077837356919074,1352.0402090438283,2809.0576723351164,4122.461944474856,0.0037743095549302,0.612211766828007,0.9088145896656536
hierarch,rotterdam_cr,2,1,0.8606346483704974,0.8899365597274272,2092.8110767488547,11158.189146985667,19192.732839801178,0.0,0.6078074737696539,0.7446808510638298
hierarch,rotterdam_cr,2,2,0.5887459183343571,0.5339461702577804,2105.444112579894,4086.247494250463,5409.751727510374,0.0,0.6078074737696539,0.7446808510638298
mtlrcr,rotterdam_cr,2,1,0.8208619210977701,0.0798672451414776,154.12538432095008,6318.169001817973,14352.712694633485,0.0010118381848936,0.6706400505065688,0.8844984802431611
mtlrcr,rotterdam_cr,2,2,0.6593142801719958,0.2039824016616716,1021.415891634156,2775.4657131589524,4098.969946418864,5.6609279805620405e-05,0.6706400505065688,0.8844984802431611
dsm,rotterdam_cr,2,1,0.842409948542024,0.0621588451635573,1148.4046170201168,110011.20971970636,109707.93905849256,0.9999207104327096,0.6725340468388299,0.9088145896656536
dsm,rotterdam_cr,2,2,0.6597264879893957,0.197666502645499,1097.7384366874987,2629.753343274276,3944.055890893376,0.2324586994392512,0.6725340468388299,0.9088145896656536
mensa,rotterdam_cr,2,1,0.7958833619210978,0.0556228577915272,161.05225536245558,5616.170843978478,13650.71453679399,0.999997672252188,0.671579532814238,0.9088145896656536
mensa,rotterdam_cr,2,2,0.6622078174000194,0.189870114294889,1034.8072806484906,2615.3973151138507,3938.901548373761,0.5127271732102867,0.671579532814238,0.9088145896656536
deepsurv,seer_cr,3,1,0.6095425194749569,0.0974987928967801,8.053880365337466,24.38488407447304,65.68103432113058,0.9999870394779252,0.7351085984553308,0.7941573033707865
deepsurv,seer_cr,3,2,0.7620406959780561,0.1467344246634775,17.457554454662947,27.57176810176407,34.27406211688024,0.0010899927452364,0.7351085984553308,0.7941573033707865
deephit,seer_cr,3,1,0.592377766451548,0.1052451293009097,20.69650447280185,130.5981431824679,141.3457301188196,2.837927824167318e-05,0.7153280445584042,0.7856179775280899
deephit,seer_cr,3,2,0.7416991223930527,0.1718136142609605,20.9350239960628,28.696167183190344,37.043460251425856,1.8091893540188653e-14,0.7153280445584042,0.7856179775280899
hierarch,seer_cr,3,1,0.613845358678564,0.1550110639103435,7.364336934884069,44.72578372963049,87.91922688602605,8.181536476790173e-98,0.7262430364287352,0.7101123595505618
hierarch,seer_cr,3,2,0.7503507322715005,0.1586637063385958,19.315326704637897,27.082594970959832,35.220834189529064,3.1311887449629367e-21,0.7262430364287352,0.7101123595505618
mtlrcr,seer_cr,3,1,0.5545692961864903,0.1282369582285563,7.481141845157498,45.999787177599,89.62351683593504,1.2307916653839069e-52,0.6684227596924777,0.7613483146067416
mtlrcr,seer_cr,3,2,0.6928427007783472,0.1716886859192467,19.104587867229565,31.06523567755951,39.54612369881928,8.869408394084841e-18,0.6684227596924777,0.7613483146067416
dsm,seer_cr,3,1,0.6175471215025281,0.1002803141177238,17.76762734986322,111.6279501938892,127.0751274500958,0.8871142772976673,0.7384661707515744,0.7941573033707865
dsm,seer_cr,3,2,0.7644015790201668,0.1466686901387378,20.490196825006723,45.0291994928643,46.692627762680914,0.0005596567947558,0.7384661707515744,0.7941573033707865
mensa,seer_cr,3,1,0.5964659770428491,0.0964595062982687,7.913537702386872,26.85111062139089,67.76667411977007,0.9982102252326448,0.7326996523100621,0.7860674157303371
mensa,seer_cr,3,2,0.761919829031009,0.1473804084705565,17.293620058138128,26.92113873718351,34.04656980472886,0.8432521894144023,0.7326996523100621,0.7860674157303371
deepsurv,mimic_cr,3,1,0.6536617113546882,0.10944117481656,453.7082644761836,5932.252307543314,12013.388638023722,0.9999702935266854,0.7317903400147915,0.8578602620087337
deepsurv,mimic_cr,3,2,0.6857957121575231,0.0642390651489446,403.1922168753306,9250.185973348,17737.053946477776,0.9999998694210808,0.7317903400147915,0.8578602620087337
deepsurv,mimic_cr,3,3,0.7501756597028899,0.1525646272325855,404.33149886098977,1022.4989316708997,1344.0463141769724,0.6884742749664585,0.7317903400147915,0.8578602620087337
deephit,mimic_cr,3,1,0.576691346568978,0.115312361746956,762.5145206405754,5243.576872055497,9144.795944643412,0.9979825917236156,0.6866790842195238,0.8528384279475982
deephit,mimic_cr,3,2,0.5805967571302114,0.069657624938904,563.0960291009077,4260.49914625378,12399.53999841162,0.9999999999999968,0.6866790842195238,0.8528384279475982
deephit,mimic_cr,3,3,0.7168576538147273,0.1889549219950573,563.88037768211,1033.227029039274,1372.5569323578625,1.0285332844139357e-24,0.6866790842195238,0.8528384279475982
hierarch,mimic_cr,3,1,0.5760766043547462,0.8180934439342825,814.54295030899,8513.967014604072,15558.43538461831,0.0,0.69032867183456,0.675764192139738
hierarch,mimic_cr,3,2,0.6133968089470389,0.86422711901715,807.0996221946181,12927.435477260457,24533.121839649128,0.0,0.69032867183456,0.675764192139738
hierarch,mimic_cr,3,3,0.7182198440370741,0.4505005560745661,818.950453918416,2008.804697316444,2404.311385805263,0.0,0.69032867183456,0.675764192139738
mtlrcr,mimic_cr,3,1,0.6001147003292802,0.2336779302920302,183.5905831037378,6521.164807824042,13565.63317783828,1.450280006534622e-84,0.701079020727059,0.6936681222707424
mtlrcr,mimic_cr,3,2,0.6353671438132867,0.1900206978126142,143.7601032643298,10668.967998812868,22274.654361201545,3.073234845931816e-80,0.701079020727059,0.6936681222707424
mtlrcr,mimic_cr,3,3,0.7254901696768378,0.1686785284311857,390.3580122644601,1063.511671014676,1438.2374917619404,2.325546447365627e-41,0.701079020727059,0.6936681222707424
dsm,mimic_cr,3,1,0.606796961085658,0.1161146038833406,689.3792613148586,3630.2330351600335,8244.967493886996,0.994617546936516,0.7160678779399504,0.8548034934497817
dsm,mimic_cr,3,2,0.6240430079668372,0.0698890036517131,550.3696834727712,4828.813974728058,12597.57635402293,0.9999630771306284,0.7160678779399504,0.8548034934497817
dsm,mimic_cr,3,3,0.7446604724039785,0.1584723601678806,421.2897651705353,1065.9536450580508,1371.0143458804257,0.5868613102640091,0.7160678779399504,0.8548034934497817
deepsurv,rotterdam_cr,3,1,0.7715065999089668,0.0520008205102438,375.81613799726944,16429.737767921917,18405.576302827456,0.9957599219799372,0.6764012543704718,0.9067796610169492
deepsurv,rotterdam_cr,3,2,0.6699685207847483,0.1949886563339904,1384.341005944263,2689.03448064861,3776.400952358866,0.1616188007645908,0.6764012543704718,0.9067796610169492
deephit,rotterdam_cr,3,1,0.7251934456076468,0.0563930176136269,402.6306125912526,2180.3518051190586,8603.949286058069,0.5103566659253022,0.6501676098475291,0.9124293785310734
deephit,rotterdam_cr,3,2,0.6450930137692704,0.206182305256011,1310.5082132121763,2952.035092383608,4151.43349417782,0.0002582866135158,0.6501676098475291,0.9124293785310734
hierarch,rotterdam_cr,3,1,0.7191624943104233,0.8074230109430174,2035.4198039626656,12290.474875855854,18938.73611762685,0.0,0.6329236203727067,0.7768361581920904
hierarch,rotterdam_cr,3,2,0.6270905970275616,0.49927146737259,2056.9086197949323,4068.2297624994817,5269.467408050886,0.0,0.6329236203727067,0.7768361581920904
mtlrcr,rotterdam_cr,3,1,0.8363677742375967,0.0532096380441432,119.01096460753384,7225.869097821086,13874.13033959208,0.0140018709724376,0.682774033089428,0.8728813559322034
mtlrcr,rotterdam_cr,3,2,0.6723852624935541,0.1865250178250795,1001.4750616112022,2821.9609587236423,4023.198604275047,0.3487703744409057,0.682774033089428,0.8728813559322034
dsm,rotterdam_cr,3,1,0.7035730541647701,0.0660595469115861,151.64121118481353,7203.689241088215,13851.950482859203,0.8897247598094445,0.6725516346465775,0.807909604519774
dsm,rotterdam_cr,3,2,0.6704534084524387,0.1837856261614843,1254.6680298157933,2649.347868307565,3813.1827510145295,0.0057450134322968,0.6725516346465775,0.807909604519774
mensa,rotterdam_cr,3,1,0.7792444242148384,0.0496331341639163,154.26596461054334,6883.359264499292,13531.620506270285,0.9998808998732064,0.6731716108567927,0.9067796610169492
mensa,rotterdam_cr,3,2,0.6659970598874753,0.1846229660022577,1056.8043186488903,2708.22443112004,3909.4620766714434,0.5691259561091956,0.6731716108567927,0.9067796610169492
deepsurv,seer_cr,4,1,0.5983282860616175,0.0987535682939904,8.022181689275381,24.33219290573988,67.40476426920354,0.999992451660138,0.7251480066937637,0.7933184855233854
deepsurv,seer_cr,4,2,0.7523059954855684,0.1538131504150466,18.02999140116116,28.29505258092719,36.162961952583856,0.0003556009054031,0.7251480066937637,0.7933184855233854
deephit,seer_cr,4,1,0.5495447864440592,0.1058616649426327,20.45052105960536,122.63310319967042,137.45279533936923,0.0005814905739497,0.7114926290588705,0.7853006681514476
deephit,seer_cr,4,2,0.7461731704092229,0.1743440052039628,20.95632392969556,28.33599972218804,37.39300777119578,2.225067595135148e-16,0.7114926290588705,0.7853006681514476
hierarch,seer_cr,4,1,0.5331909067585486,0.1520398954395932,8.28529472770387,47.55868961694768,92.14572807408098,5.267070635344886e-63,0.7028676647680284,0.6939866369710468
hierarch,seer_cr,4,2,0.7392033252333401,0.1603821514587918,18.9591684381548,26.97275039685756,35.77944162912277,9.09518011321009e-10,0.7028676647680284,0.6939866369710468
mtlrcr,seer_cr,4,1,0.5710838086880211,0.1368916123527558,7.073694062990374,42.042434204036255,88.31193563934443,4.640445925857946e-64,0.6656751626445098,0.7603563474387528
mtlrcr,seer_cr,4,2,0.6859315569830029,0.1758472591785159,18.945721316029083,31.257631638548,40.59296839600236,5.567005278152919e-16,0.6656751626445098,0.7603563474387528
dsm,seer_cr,4,1,0.5569730276676809,0.1023298169058052,17.73737097876801,85.40695271324793,103.86758090589166,0.8088297727157006,0.6972922784271858,0.799554565701559
dsm,seer_cr,4,2,0.7273411355137848,0.1641255568890298,21.09592244660611,38.41935176036631,43.24916850004266,0.0002498943031232,0.6972922784271858,0.799554565701559
mensa,seer_cr,4,1,0.6032209026583896,0.0984179964585135,7.839605183285863,24.514710530603388,68.36365218735499,0.80226425390667,0.734145821082264,0.7942093541202673
mensa,seer_cr,4,2,0.7621829160745713,0.1494824112710795,17.202798953390417,27.750034643914443,35.29758371336968,0.97432699682618,0.734145821082264,0.7942093541202673
deepsurv,mimic_cr,4,1,0.6349819496048646,0.101423991701726,463.85681035084855,4687.457827649593,9742.110210773326,0.9999974273855357,0.7337107066962562,0.8557398515931908
deepsurv,mimic_cr,4,2,0.6670072821709998,0.0625259095205357,517.395669125169,17303.43191373175,24474.651258820373,0.9999918260112118,0.7337107066962562,0.8557398515931908
deepsurv,mimic_cr,4,3,0.7577388628307389,0.1413493337478942,387.3911334924777,990.3030225444048,1279.956944718831,0.8521926565997087,0.7337107066962562,0.8557398515931908
deephit,mimic_cr,4,1,0.5807320986169248,0.1074123810646194,860.543174444603,7871.528292054753,10208.216885939051,0.6991549006300879,0.7006600641373057,0.8502837189000436
deephit,mimic_cr,4,2,0.5970330100851808,0.0694594338763803,665.7262723572107,7242.434873318524,12934.943969779042,0.7303754759745991,0.7006600641373057,0.8502837189000436
deephit,mimic_cr,4,3,0.732382660743122,0.1741581216457917,482.0571135148503,951.037209478756,1289.7524363292157,1.3442472671338772e-23,0.7006600641373057,0.8502837189000436
hierarch,mimic_cr,4,1,0.5886956274928264,0.7749728478843335,778.7074712879407,8403.066070432273,14355.92116467015,0.0,0.6940337579299913,0.7295940637276298
hierarch,mimic_cr,4,2,0.5667673703809912,0.8194113342690276,777.658368016227,12588.98179617106,22568.178788483805,0.0,0.6940337579299913,0.7295940637276298
hierarch,mimic_cr,4,3,0.7259627440058767,0.4325836524868079,792.4194294976032,1989.253536609957,2358.763620374386,0.0,0.6940337579299913,0.7295940637276298
mtlrcr,mimic_cr,4,1,0.5789804466442213,0.2037279068959145,185.326366390614,6336.672666091588,12289.527760329463,4.0834226470219973e-60,0.6811254082921132,0.7064600611086862
mtlrcr,mimic_cr,4,2,0.5950559592230735,0.1491664009747416,127.75354217329212,10249.826541327013,20229.02353363976,1.1089788820386104e-47,0.6811254082921132,0.7064600611086862
mtlrcr,mimic_cr,4,3,0.7078983187755269,0.1611983569018973,402.1753207149984,1072.0720651897418,1422.318001660414,4.817275341888267e-49,0.6811254082921132,0.7064600611086862
dsm,mimic_cr,4,1,0.627771252633898,0.1037772372053534,566.9812582385363,2647.804272834461,7019.621662060573,0.9998835857083862,0.7307826146058749,0.8507202095154954
dsm,mimic_cr,4,2,0.6669749708188101,0.0672772918338928,571.7612917665651,6366.053365338332,11985.862076238413,0.9975691878791024,0.7307826146058749,0.8507202095154954
dsm,mimic_cr,4,3,0.7552036956539959,0.1427447128581828,418.3054627538656,1194.451755281552,1393.40922802422,0.0762005814219028,0.7307826146058749,0.8507202095154954
mensa,mimic_cr,4,1,0.6028602206054282,0.0997844255267212,192.58272189127325,4884.322306634514,10837.177400872391,0.9430541818856945,0.7327710197647543,0.8443910955914448
mensa,mimic_cr,4,2,0.665472492941989,0.066356395365762,122.66726117649004,8846.088767246862,18824.95844110957,0.9999574862788854,0.7327710197647543,0.8443910955914448
mensa,mimic_cr,4,3,0.7620918209825857,0.1398655534937499,383.8342013974762,930.1826753184288,1247.3324926208418,0.7914342921481269,0.7327710197647543,0.8443910955914448
deepsurv,rotterdam_cr,4,1,0.7800570574650183,0.0844275915543811,861.6437444677974,14303.801501092656,21281.320771623643,0.9988144143688372,0.6922824469792,0.8579710144927536
deepsurv,rotterdam_cr,4,2,0.6817245943428599,0.1983936471289264,1216.7868897376434,2462.7528798789094,3635.945124302895,0.5864857307773312,0.6922824469792,0.8579710144927536
deephit,rotterdam_cr,4,1,0.6836027713625866,0.087412040053067,568.873779769505,7320.388021159584,20236.888188811223,0.4914527728821528,0.6339303947022958,0.8579710144927536
deephit,rotterdam_cr,4,2,0.6279556187394807,0.2024412129162644,1360.8974484584803,2763.6388788824274,4081.919698230091,1.4637427567540667e-05,0.6339303947022958,0.8579710144927536
hierarch,rotterdam_cr,4,1,0.8110311099035458,0.8842282649403587,2061.5472004655367,16008.836515909552,28925.33668356119,0.0,0.623975320166866,0.7565217391304347
hierarch,rotterdam_cr,4,2,0.6014755625275748,0.518488344105293,2071.388867626892,4083.1693835699502,5407.939049574501,0.0,0.623975320166866,0.7565217391304347
mtlrcr,rotterdam_cr,4,1,0.7862382828420051,0.0838742790943778,227.07634953431184,10984.839270446137,23901.339438097773,0.1432249331471955,0.6960748563260305,0.8434782608695652
mtlrcr,rotterdam_cr,4,2,0.6852296681209863,0.1946144029836314,929.5999915642832,2677.723039806744,4002.4680319712497,0.1226833358108053,0.6960748563260305,0.8434782608695652
dsm,rotterdam_cr,4,1,0.7466376850971336,0.1099187833053695,253.11793893090268,11055.866199443008,23972.366367094644,0.99797781399165,0.6945068409230141,0.8231884057971014
dsm,rotterdam_cr,4,2,0.6882363514551367,0.1815566014469725,1071.1721767290276,2431.786511865429,3727.4412713899337,0.0116370265731991,0.6945068409230141,0.8231884057971014
mensa,rotterdam_cr,4,1,0.7992799891319115,0.0800375367946591,266.2531962938379,10893.349796926834,23809.849964578472,0.9964704724933836,0.6971250619913066,0.8579710144927536
mensa,rotterdam_cr,4,2,0.6848374920339232,0.2080059219240428,983.743460875981,2891.8227822296467,4216.592448234198,3.296189768004632e-29,0.6971250619913066,0.8579710144927536
deepsurv,seer_cr,5,1,0.6021530333675962,0.0953444193688459,7.731578864956236,22.99076381323865,64.66466706624726,0.999516257740492,0.730324084551668,0.8038444735692443
deepsurv,seer_cr,5,2,0.7561185685118781,0.1530322396334415,17.831911839177796,28.09229486257246,35.7584613401247,0.0008654818334561,0.730324084551668,0.8038444735692443
deephit,seer_cr,5,1,0.5452821708129988,0.1020728022954287,18.78704248875697,120.9315674993133,136.7883048312148,0.0009642774187811,0.704988477430433,0.7951070336391437
deephit,seer_cr,5,2,0.7371294857577554,0.1782821282079528,21.62673282701471,29.00443634029828,38.23111355660025,5.663691727913345e-20,0.704988477430433,0.7951070336391437
hierarch,seer_cr,5,1,0.5379187369672379,0.1576036606210245,7.743199519810015,48.34863577029526,91.7457234848237,1.3456558857074896e-83,0.6974375475906504,0.7038007863695938
hierarch,seer_cr,5,2,0.7295408222151978,0.1659880825270767,19.608108491101405,27.33592417146058,36.596107560302165,9.68951375487381e-10,0.6974375475906504,0.7038007863695938
mtlrcr,seer_cr,5,1,0.5420118532127217,0.1398585792833952,7.718538498663948,47.54152165973201,92.21412705037916,2.9138930602693816e-89,0.6610570478808492,0.6994320664045435
mtlrcr,seer_cr,5,2,0.6850149783733592,0.1813653542166867,19.620763516299093,32.78098076949362,42.24905597032138,2.2700021361878974e-19,0.6610570478808492,0.6994320664045435
dsm,seer_cr,5,1,0.6097318658862769,0.0970217664276145,15.44947466483154,104.18095560700029,123.52493022648152,0.5356122238373155,0.7355516277159718,0.799912625600699
dsm,seer_cr,5,2,0.7608729446906171,0.1520804131098894,21.41676134641653,47.49191961577985,49.41415326342128,0.0040191444082931,0.7355516277159718,0.799912625600699
mensa,seer_cr,5,1,0.5645896936487312,0.0954625508909871,7.773462288188995,23.099009565108936,65.05575174835013,0.8928344649594817,0.7256694375286624,0.799912625600699
mensa,seer_cr,5,2,0.7580868510864727,0.1527201892052378,17.22664986902243,26.76798001379653,35.14281728909668,0.8559237597321132,0.7256694375286624,0.799912625600699
deepsurv,mimic_cr,5,1,0.6302154392451901,0.101762887719957,660.0245729910864,19445.25692077987,24525.548500352976,0.9999649960579474,0.741066996558658,0.852427597955707
deepsurv,mimic_cr,5,2,0.6942081523522524,0.0795961730661636,489.7535993196981,9430.759518625684,17947.97465870196,0.99224857775609,0.741066996558658,0.852427597955707
deepsurv,mimic_cr,5,3,0.7650450070813257,0.1499480485027023,392.4251596737393,979.916342089678,1296.8135238549992,0.9343099389595482,0.741066996558658,0.852427597955707
deephit,mimic_cr,5,1,0.5658258940846517,0.1107204179194729,853.4151741240701,7497.334699175686,10202.478619842424,0.5840851184400134,0.6929984735333936,0.8409284497444633
deephit,mimic_cr,5,2,0.5277427196719338,0.0863626132452067,728.6975841410775,5590.50713647048,13849.494873215985,0.961002582590041,0.6929984735333936,0.8409284497444633
deephit,mimic_cr,5,3,0.733162732082571,0.1853841548927566,507.1670389235222,969.5755148192474,1330.289393592923,3.633900850099145e-17,0.6929984735333936,0.8409284497444633
hierarch,mimic_cr,5,1,0.582695465222549,0.7715604132781935,808.760057900917,8257.897483761817,14478.622584482971,0.0,0.6996880698673978,0.7385008517887564
hierarch,mimic_cr,5,2,0.5827466224481475,0.8171117097458154,805.4750863117138,14137.123370424551,25897.04474404784,0.0,0.6996880698673978,0.7385008517887564
hierarch,mimic_cr,5,3,0.7326547191426769,0.4576360429768328,823.3879132972139,2010.0723225053523,2401.276777558912,0.0,0.6996880698673978,0.7385008517887564
mtlrcr,mimic_cr,5,1,0.5493321042970009,0.2243778491833112,239.25969103258555,6442.585272383336,12662.886481540563,1.4166606084275266e-159,0.683559242825796,0.6567291311754685
mtlrcr,mimic_cr,5,2,0.6128290661685611,0.1420734393553799,127.80791724589471,11650.489579711122,23410.410953334416,1.3991494676106327e-32,0.683559242825796,0.6567291311754685
mtlrcr,mimic_cr,5,3,0.7141815614003614,0.1667258566624282,405.2519772447748,1061.5088969899568,1437.8880301733827,6.146609958667077e-58,0.683559242825796,0.6567291311754685
dsm,mimic_cr,5,1,0.5949836463098795,0.1088521520202453,631.9944749191171,2850.445965225118,7051.924186505065,0.9994630022663916,0.7251656881668405,0.8460391822827938
dsm,mimic_cr,5,2,0.6438027408750762,0.0856484102594484,681.6602689229406,5258.901048359921,12888.709817296754,0.9997881732426208,0.7251656881668405,0.8460391822827938
dsm,mimic_cr,5,3,0.7563140167932989,0.155192548818058,396.90619576067,1027.3060491728415,1337.6221780218127,0.5124952237898917,0.7251656881668405,0.8460391822827938
mensa,mimic_cr,5,1,0.5845442570920546,0.0953548560492504,192.24451025319087,4845.790813853742,11066.515914574898,0.9992126607737832,0.7299256230091715,0.8492333901192505
mensa,mimic_cr,5,2,0.6415348589758028,0.0706754041962299,130.52297805242628,10479.723104729796,22239.64447835309,0.9999723226501868,0.7299256230091715,0.8492333901192505
mensa,mimic_cr,5,3,0.764430102047788,0.1490417717824335,383.6029947739683,921.1318632696316,1273.773704511016,0.251027321016951,0.7299256230091715,0.8492333901192505
deepsurv,rotterdam_cr,5,1,0.7854102328687088,0.0489980043868851,391.9232697040776,21083.68797328967,22166.66750412484,0.9996688449870696,0.7098853920320175,0.8888888888888888
deepsurv,rotterdam_cr,5,2,0.7026721086700042,0.1814378194840469,1115.3785697202013,2474.4952940975613,3513.858185790356,0.0808013399500683,0.7098853920320175,0.8888888888888888
deephit,rotterdam_cr,5,1,0.7214756698105333,0.0611070660646969,451.0536979608617,2357.2249370466334,7905.747060306253,0.0443055745600261,0.6435219210478442,0.8888888888888888
deephit,rotterdam_cr,5,2,0.6360766557188865,0.199595152318368,1361.0188643249194,2909.495815208798,4088.165989428084,3.144206561159697e-07,0.6435219210478442,0.8888888888888888
hierarch,rotterdam_cr,5,1,0.7774810116017027,0.8307230702259887,2046.316318439083,11285.14908435584,16992.48030268776,0.0,0.6488702928870292,0.7368421052631579
hierarch,rotterdam_cr,5,2,0.6365868435317751,0.509776411207554,2062.4781463485715,4152.21467123207,5339.438603124926,0.0,0.6488702928870292,0.7368421052631579
mtlrcr,rotterdam_cr,5,1,0.7821550788748852,0.0617967898262653,159.90872048720752,6639.0960236578885,12346.427241989812,0.0374125121224582,0.6973985810442059,0.8625730994152047
mtlrcr,rotterdam_cr,5,2,0.689303593635407,0.1801845406482483,929.5429427591216,2777.1559425487267,3964.379874441582,8.63351216966438e-05,0.6973985810442059,0.8625730994152047
dsm,rotterdam_cr,5,1,0.7475169017611217,0.0585309026746833,221.7337541813753,5689.279538502486,11396.610756834409,0.9878854209581782,0.7068801164271421,0.8538011695906432
dsm,rotterdam_cr,5,2,0.7029989477376359,0.1675790462983459,1055.476223481459,2479.383935262683,3608.5636009573936,0.0377755545941068,0.7068801164271421,0.8538011695906432
mensa,rotterdam_cr,5,1,0.7693013938736333,0.0488913825847232,181.00700987306925,6081.123676361007,11788.45489469293,0.9996795494593717,0.7103292705111879,0.8830409356725146
mensa,rotterdam_cr,5,2,0.7046969165524058,0.1734645784004909,919.4323293101592,2654.897428311099,3842.121360203954,0.1969497372818645,0.7103292705111879,0.8830409356725146
deepsurv,seer_cr,6,1,0.6020037312998654,0.0933759565772025,7.590437015379945,22.39201696754633,63.90832822042763,0.999468940268961,0.7167748008428587,0.8013636363636364
deepsurv,seer_cr,6,2,0.7399156537874202,0.1540409103848,18.27099240497542,29.4312852012388,36.48786710415234,0.0371142575500804,0.7167748008428587,0.8013636363636364
deephit,seer_cr,6,1,0.5797840086779227,0.0988372867028252,19.15189634694455,123.16789930361492,135.73359517744413,0.0074540831103898,0.7090710136410249,0.7954545454545454
deephit,seer_cr,6,2,0.7351386592716446,0.1725354063393563,20.97792335288808,28.753447282076547,37.29773241327071,5.272349134778499e-16,0.7090710136410249,0.7954545454545454
hierarch,seer_cr,6,1,0.5784316387336336,0.1466349968932634,7.5187497446912435,47.92132921828768,90.41335200039504,1.279007517934657e-65,0.7059140901141998,0.6877272727272727
hierarch,seer_cr,6,2,0.7316178904896491,0.1627494713805098,19.92334684165532,27.63249129091971,35.92024464334572,3.8201557643420586e-15,0.7059140901141998,0.6877272727272727
mtlrcr,seer_cr,6,1,0.5334207331500006,0.1462964501989519,7.604327528557099,47.36849548463806,91.35698338517815,3.1859930830551825e-102,0.6495103319173603,0.7345454545454545
mtlrcr,seer_cr,6,2,0.6729170348797501,0.1800038261819578,19.49118017151357,33.68705184482735,42.44910542348497,4.7495961650933e-35,0.6495103319173603,0.7345454545454545
dsm,seer_cr,6,1,0.608147576400498,0.095346544435552,15.675211203811472,101.9735590785354,120.64041751247368,0.8564146080145203,0.7252005672569845,0.7963636363636364
dsm,seer_cr,6,2,0.7488015152913354,0.1522547994411317,21.506887055730136,48.78228019212488,50.56767074626728,0.0835557552574218,0.7252005672569845,0.7963636363636364
mensa,seer_cr,6,1,0.6033199001366591,0.0930269364316912,7.667464408661801,24.63931956185319,65.21285455835033,0.6119569714300903,0.7250148658730535,0.7954545454545454
mensa,seer_cr,6,2,0.7495517575950954,0.1510082894300645,17.33342181173863,28.39678281834787,35.782221087927006,0.5741247923348536,0.7250148658730535,0.7954545454545454
deepsurv,mimic_cr,6,1,0.5908137435325106,0.1102668916699783,424.7543839208733,3452.8452440963,11414.531499162624,0.9978709414194464,0.7308536295960449,0.8598889363519864
deepsurv,mimic_cr,6,2,0.632024764683408,0.0819448544807125,435.7463047413178,4411.244401381283,17710.085427225178,0.9999999989176208,0.7308536295960449,0.8598889363519864
deepsurv,mimic_cr,6,3,0.7612280416218627,0.1555125680683337,400.5937311663948,964.0567242351456,1321.0207435903128,0.927170872403124,0.7308536295960449,0.8598889363519864
deephit,mimic_cr,6,1,0.5562640860799533,0.1144980015616771,812.4930766948798,8735.069097518714,13695.650327792022,0.9748545192429542,0.6970253075045176,0.8536950021358394
deephit,mimic_cr,6,2,0.5419510437289431,0.0865182298670349,755.4885064971473,8328.147628185061,18121.82426454501,0.9278317746281332,0.6970253075045176,0.8536950021358394
deephit,mimic_cr,6,3,0.7330329646842151,0.1889414281198485,505.0497048913383,973.3264431878348,1371.3841122513547,6.12159653870456e-20,0.6970253075045176,0.8536950021358394
hierarch,mimic_cr,6,1,0.5298317693778922,0.8842415263997107,820.7393546516068,8146.134915271585,16897.63581050361,0.0,0.6968177875427068,0.7315249893208031
hierarch,mimic_cr,6,2,0.6295283248237297,0.9420715181301176,808.9053396321049,12800.177380843636,27877.056049065435,0.0,0.6968177875427068,0.7315249893208031
hierarch,mimic_cr,6,3,0.7280690321728782,0.469630888823441,827.8151848950024,1970.383298458849,2392.477915009637,0.0,0.6968177875427068,0.7315249893208031
mtlrcr,mimic_cr,6,1,0.5137965879701444,0.2740339162806459,193.7595528042352,6152.023278790661,14903.524174022685,4.421145625274289e-95,0.6857495425828565,0.7050405809483127
mtlrcr,mimic_cr,6,2,0.6240600361223994,0.1977417506927096,129.94307564012033,10398.33724610232,25475.21591432412,7.855414712597815e-59,0.6857495425828565,0.7050405809483127
mtlrcr,mimic_cr,6,3,0.7171834061181945,0.1819460856131676,411.2786960981582,1076.307671069621,1484.8669019645251,8.006132977155487e-38,0.6857495425828565,0.7050405809483127
dsm,mimic_cr,6,1,0.5380604253978075,0.113302157041625,589.7013110161481,3130.547707097611,9641.608971177946,0.99804927825931,0.7209697209198955,0.8588210166595472
dsm,mimic_cr,6,2,0.641352766489528,0.084414203490049,560.0404339261298,4518.442003433365,15986.079102554286,0.9916831913533009,0.7209697209198955,0.8588210166595472
dsm,mimic_cr,6,3,0.7557818156376139,0.1611855392985187,409.76637857434446,993.506986168332,1342.634946055684,0.1733365431961464,0.7209697209198955,0.8588210166595472
deepsurv,rotterdam_cr,6,1,0.8433410315627405,0.0537226717048631,762.7846403375896,44757.63847946866,48056.93916835965,0.9998801944924554,0.683495680408187,0.8658892128279884
deepsurv,rotterdam_cr,6,2,0.6668826908613765,0.2239355006131728,1265.7959211960808,2435.2411144850494,4188.767412406545,0.1834874054614738,0.683495680408187,0.8658892128279884
deephit,rotterdam_cr,6,1,0.6802155504234026,0.0786780887225696,495.48656421482906,4557.471703031013,18603.217508303045,0.3391637484701897,0.6225502986026555,0.8775510204081632
deephit,rotterdam_cr,6,2,0.6165570543900917,0.2255309067138751,1522.1898668613944,2691.286812689991,4551.193709500447,3.209266693439485e-06,0.6225502986026555,0.8775510204081632
hierarch,rotterdam_cr,6,1,0.7993841416474211,1.0228316045614811,2053.961956588289,13959.061018847766,28112.574684694195,0.0,0.6335667072534353,0.7317784256559767
hierarch,rotterdam_cr,6,2,0.6163330292992815,0.5594180074018819,2068.5141481116643,3833.4482438824334,5711.108526876205,0.0,0.6335667072534353,0.7317784256559767
mtlrcr,rotterdam_cr,6,1,0.8552732871439569,0.0956554574216183,139.21113949083946,9312.417522648033,23465.931188494465,0.1949827548973415,0.6851916275294254,0.8775510204081632
mtlrcr,rotterdam_cr,6,2,0.6675147616533051,0.237352877520317,990.5355730216636,2589.389671391152,4467.049954384925,0.0002972691938885,0.6851916275294254,0.8775510204081632
dsm,rotterdam_cr,6,1,0.8061585835257891,0.0825100449761968,1328.8899513939662,39159.50903098053,41998.3752184292,0.8529022554025361,0.6858294196092074,0.8833819241982507
dsm,rotterdam_cr,6,2,0.6733234122221688,0.2206467473227397,1075.1849217914173,2479.341949789733,4356.573780255993,0.0014967192970578,0.6858294196092074,0.8833819241982507
mensa,rotterdam_cr,6,1,0.8214780600461894,0.1349624299468353,191.44614963047744,8915.635351500005,23069.14901734644,0.9999726995367596,0.6938163158810228,0.8833819241982507
mensa,rotterdam_cr,6,2,0.6805482214007968,0.217687369796041,1022.0361691288572,2452.3959466668803,4330.056229660653,0.99263297780972,0.6938163158810228,0.8833819241982507
deepsurv,seer_cr,7,1,0.6029555467125665,0.0981962417477435,8.296450511617508,24.602120210520788,63.16384298147865,0.999965017142502,0.7187784229452373,0.8023049645390071
deepsurv,seer_cr,7,2,0.7440587207715684,0.1536443174415264,18.21244778555159,28.80833074471248,35.99501664871252,0.001610404125376,0.7187784229452373,0.8023049645390071
deephit,seer_cr,7,1,0.5747645946601427,0.1052627778901606,20.54373902396765,126.76926141473218,137.9884747647665,0.0001801649708227,0.7086484641695817,0.7872340425531915
deephit,seer_cr,7,2,0.7378708786478846,0.1721354813744601,20.91551654067706,28.42638311630096,37.08317070995983,6.70200871960992e-14,0.7086484641695817,0.7872340425531915
hierarch,seer_cr,7,1,0.5637283873292002,0.1461290823374637,7.931985514939575,44.5433331576562,85.17349468804007,2.9279767618627947e-61,0.6989996388862171,0.7034574468085106
hierarch,seer_cr,7,2,0.7285248729153936,0.1640929269134511,19.997372685852408,27.581214302871185,36.07519053157013,8.571577803159611e-20,0.6989996388862171,0.7034574468085106
mtlrcr,seer_cr,7,1,0.5294259618124151,0.1485382350324926,8.533940717953202,48.617791019351095,90.95983293924871,1.948716249694152e-85,0.6540458243265819,0.6759751773049646
mtlrcr,seer_cr,7,2,0.6812462129018564,0.1771888278817951,19.12815971577951,32.785045606927184,41.78257291891591,1.2911890051936392e-24,0.6540458243265819,0.6759751773049646
dsm,seer_cr,7,1,0.5929141756515883,0.1004956112806435,14.879945157975904,68.06474655751283,89.83143400676992,0.5403919801990091,0.7105736309315892,0.7983156028368794
dsm,seer_cr,7,2,0.736254793136429,0.1561325296178732,20.71786112755411,41.635292593062886,45.20034430002173,0.0006444440165153,0.7105736309315892,0.7983156028368794
mensa,seer_cr,7,1,0.5884109227135836,0.0981816922544363,8.294545536669933,24.549818290224685,63.46108616153505,0.99961245939224,0.7202129643222958,0.786790780141844
mensa,seer_cr,7,2,0.7489809847200387,0.1511779796186075,17.24883258832653,27.409239636924,35.144177873918046,0.9948983243375236,0.7202129643222958,0.786790780141844
deepsurv,mimic_cr,7,1,0.6257747890636026,0.1098631662196185,502.535987425694,4857.616573589429,10664.350599650008,0.9995642068315096,0.730575086541305,0.8538961038961039
deepsurv,mimic_cr,7,2,0.6716559486238209,0.0701335244444012,410.9197428081027,5510.918096276162,14154.457749943054,0.9999999996518888,0.730575086541305,0.8538961038961039
deepsurv,mimic_cr,7,3,0.7562324316128239,0.1517779491556133,394.1886113136821,979.7494595983734,1303.8029667421354,0.944422675062654,0.730575086541305,0.8538961038961039
deephit,mimic_cr,7,1,0.5586435479896751,0.1145580639372417,905.097511904768,7220.550915713587,10112.82941605642,0.739591311409312,0.6751669638062582,0.8387445887445888
deephit,mimic_cr,7,2,0.5853525949988335,0.073711334349808,567.342595235917,4957.715363481686,12436.812453772018,0.9999999864026308,0.6751669638062582,0.8387445887445888
deephit,mimic_cr,7,3,0.7061713978870389,0.1858442728204439,545.6707232419427,1038.0612073692305,1393.5809476036427,7.809127988393367e-19,0.6751669638062582,0.8387445887445888
hierarch,mimic_cr,7,1,0.5567895564056007,0.8461373914563086,816.2557913837253,8518.185603114454,15155.028341817077,0.0,0.6846221433329025,0.6783549783549784
hierarch,mimic_cr,7,2,0.6328883254763696,0.8900604482647995,805.040242246823,12443.80218076763,23163.56851084676,0.0,0.6846221433329025,0.6783549783549784
hierarch,mimic_cr,7,3,0.7138662712387903,0.4541700787720292,820.6114383076576,2007.485864067416,2406.1027650236406,0.0,0.6846221433329025,0.6783549783549784
mtlrcr,mimic_cr,7,1,0.5632211130169347,0.2892704841673113,222.21710977225777,6631.178514432294,13268.021253134915,4.377942347815427e-100,0.6975972484914418,0.6668831168831169
mtlrcr,mimic_cr,7,2,0.6254209087667868,0.1534852830911448,119.41660769743515,10003.337187797884,20723.10351787701,2.065961508331188e-52,0.6975972484914418,0.6668831168831169
mtlrcr,mimic_cr,7,3,0.7301518765141726,0.1601526548012313,384.7792065932376,1029.629897674409,1402.9697526445077,7.38123652531482e-41,0.6975972484914418,0.6668831168831169
dsm,mimic_cr,7,1,0.5440723702624535,0.1145364263498374,722.8954777387809,3714.348681275585,7940.735892404257,0.9602204393700864,0.7137544638345255,0.8506493506493507
dsm,mimic_cr,7,2,0.6536289488395023,0.0742439537652944,615.9114414092296,6074.220194515453,11963.046397715883,0.9997639265127436,0.7137544638345255,0.8506493506493507
dsm,mimic_cr,7,3,0.7517016041789986,0.1567482352589447,426.1006572316825,1084.2383815879637,1353.6434624340816,0.1422799483717134,0.7137544638345255,0.8506493506493507
mensa,mimic_cr,7,1,0.5853266733171139,0.1086634112144855,204.4335093440729,5090.97137950355,11727.814118206172,0.9995921176587116,0.7225954176430467,0.8465367965367966
mensa,mimic_cr,7,2,0.6714974888527953,0.0733976901658123,111.317583336291,8830.487722299618,19550.25405237875,0.987388759356581,0.7225954176430467,0.8465367965367966
mensa,mimic_cr,7,3,0.7535442376712342,0.1518624739903633,392.7408311206448,943.8562081195444,1293.6139892983272,0.6723607326719363,0.7225954176430467,0.8465367965367966
deepsurv,rotterdam_cr,7,1,0.8378728923476005,0.0593580224105594,260.7830592441984,13854.461636776963,17488.818376723164,0.9864951249601356,0.6813513141177732,0.91131498470948
deepsurv,rotterdam_cr,7,2,0.6704862617350238,0.2082915034710198,1281.2812524725082,2865.695465708086,4191.32492694171,0.985874872231147,0.6813513141177732,0.91131498470948
deephit,rotterdam_cr,7,1,0.7277443697677161,0.0661722586767941,363.6758183829166,3095.689839732295,11103.607476442878,0.0003630282654975,0.6317408807727043,0.8990825688073395
deephit,rotterdam_cr,7,2,0.6250767329366411,0.2197466461988778,1323.0936262594253,3199.7396379543334,4735.499436449396,0.0004439928994503,0.6317408807727043,0.8990825688073395
hierarch,rotterdam_cr,7,1,0.818653460676807,0.9790732516998184,2157.7526178300864,12318.81689793536,20438.627255926647,0.0,0.6256486399608138,0.7247706422018348
hierarch,rotterdam_cr,7,2,0.6122510783535363,0.580303321992351,2168.885139869623,4561.9349865280965,6102.116163146114,0.0,0.6256486399608138,0.7247706422018348
mtlrcr,rotterdam_cr,7,1,0.8326848249027238,0.0741991787708247,112.06739411521154,7615.8663090058735,15735.67666699716,7.806686254635286e-05,0.6878109262349034,0.9051987767584098
mtlrcr,rotterdam_cr,7,2,0.677754405493669,0.2180906858951515,998.9830117546146,3160.4837048906165,4700.664881508634,5.000128341155027e-05,0.6878109262349034,0.9051987767584098
dsm,rotterdam_cr,7,1,0.8106355382619974,0.0605316328282671,346.66516800690727,19824.296654992544,25939.98729773016,0.9999732536848176,0.6873899799476496,0.8990825688073395
dsm,rotterdam_cr,7,2,0.6788348052415758,0.2022760688400836,1198.9315629301243,2789.950977519544,4300.225227366371,0.2411239262385961,0.6873899799476496,0.8990825688073395
mensa,rotterdam_cr,7,1,0.7864638603938214,0.0556222352918795,146.01912487767345,6856.221343624947,14976.031701616235,0.995895077675987,0.6900304612040594,0.9051987767584098
mensa,rotterdam_cr,7,2,0.6833364708578538,0.2030819673791293,1015.8120223091112,2952.1044587372594,4492.219808071782,0.8473796597639158,0.6900304612040594,0.9051987767584098
deepsurv,seer_cr,8,1,0.590487787754031,0.1039571980476115,8.525303226618478,24.97606464360257,65.5674965648732,0.9531642413278788,0.7325814158999562,0.7918531781557744
deepsurv,seer_cr,8,2,0.7654107039149405,0.1435753095110281,16.68342645516064,27.48416313247171,33.879511549263285,7.709963486556951e-08,0.7325814158999562,0.7918531781557744
deephit,seer_cr,8,1,0.5673742376338133,0.1129723097013843,21.74421338947083,129.27684784708086,139.46720481487574,2.2893035108097042e-07,0.7191868335677405,0.7694717994628469
deephit,seer_cr,8,2,0.754261590270406,0.1656776482690666,19.56933132581229,27.58757254925564,35.536322103696,1.8119916507539072e-30,0.7191868335677405,0.7694717994628469
hierarch,seer_cr,8,1,0.5871154791267907,0.1646189282888812,7.623409911122429,48.52580886854526,90.0433249127941,7.687438254143478e-109,0.7242959090458415,0.7179946284691137
hierarch,seer_cr,8,2,0.7559900525665272,0.1539805098683838,18.04333352957428,26.44802349584167,34.383284435195655,1.1709213677717937e-22,0.7242959090458415,0.7179946284691137
mtlrcr,seer_cr,8,1,0.5550037348605786,0.1394704900882335,7.849380499536508,49.81957502695512,91.833226997004,1.1447212752046502e-76,0.640934728385416,0.6575649059982095
mtlrcr,seer_cr,8,2,0.6607882107171045,0.179415567535116,19.733215304683185,33.6989976361782,41.93546449312552,3.255420856700399e-37,0.640934728385416,0.6575649059982095
dsm,seer_cr,8,1,0.5992811112735241,0.1058604161916494,17.951426338775462,112.2382003732348,129.41790475599663,0.7396352052117129,0.7388547868637227,0.7909579230080573
dsm,seer_cr,8,2,0.7711018654628768,0.1419410248296317,19.48523055131606,45.6013461392799,46.63154197205643,0.583631006494061,0.7388547868637227,0.7909579230080573
mensa,seer_cr,8,1,0.5896153611535367,0.1022329679184824,8.780799849830641,27.66746596830464,66.26579596571564,0.997124226919446,0.7354340478449841,0.7855863921217547
mensa,seer_cr,8,2,0.7691239727615615,0.1420346452371488,16.195931401614242,26.971463238137183,33.460269111059645,0.7953473988821275,0.7354340478449841,0.7855863921217547
deepsurv,mimic_cr,8,1,0.6128741828191306,0.1087175111033138,350.52667874666145,3105.9567651894563,8731.870001251093,0.999102753590122,0.7328713960149481,0.8667820069204152
deepsurv,mimic_cr,8,2,0.6686619980141459,0.0751665983385742,421.7785263558919,5644.607673104738,15810.831323168866,0.999999639243147,0.7328713960149481,0.8667820069204152
deepsurv,mimic_cr,8,3,0.7576000159230201,0.1581429454977893,403.0092323181245,987.8866608281926,1300.2708417473707,0.94205885904131,0.7328713960149481,0.8667820069204152
deephit,mimic_cr,8,1,0.5499139809611194,0.1043923778795558,680.4758847495717,5960.876019889025,9235.557168584332,0.9999189724018704,0.6945202097104956,0.8644031141868512
deephit,mimic_cr,8,2,0.5834058709544785,0.0757977138888552,575.470762614061,4558.103647269355,13506.68489925209,0.99999999193798,0.6945202097104956,0.8644031141868512
deephit,mimic_cr,8,3,0.7276941066028463,0.1944007648123296,560.1270090791452,1050.9538271658885,1385.4124060930906,2.4577196102308572e-30,0.6945202097104956,0.8644031141868512
hierarch,mimic_cr,8,1,0.544612340864778,0.948803003144042,817.2133722327204,7432.721471961713,13677.42876335846,0.0,0.6897953674264226,0.7169117647058824
hierarch,mimic_cr,8,2,0.5863737167402249,1.0323317925187676,811.875602613824,13300.365384814037,25927.43574711588,0.0,0.6897953674264226,0.7169117647058824
hierarch,mimic_cr,8,3,0.7222879362589397,0.4684435608043351,826.640461552424,1996.8682963099195,2391.056156923766,0.0,0.6897953674264226,0.7169117647058824
mtlrcr,mimic_cr,8,1,0.5414396719807317,0.3303068328535636,213.24845555960263,5320.367432715885,11565.074724112634,6.09471342120886e-82,0.678919569068121,0.7076124567474048
mtlrcr,mimic_cr,8,2,0.6276939160254924,0.2228431089335171,108.4197248756001,10820.258408651542,23447.328770953383,2.246697079898914e-34,0.678919569068121,0.7076124567474048
mtlrcr,mimic_cr,8,3,0.7050169313284914,0.1800897877372079,401.9557451629937,1076.6292861023237,1462.0159328891052,1.524716680517303e-48,0.678919569068121,0.7076124567474048
dsm,mimic_cr,8,1,0.5778701685973162,0.1043162541652151,545.1811914229942,3072.6681054809164,7147.792252487184,0.3979774518558965,0.7212597996211465,0.8641868512110726
dsm,mimic_cr,8,2,0.6541333321668992,0.0765094452819113,572.4857386415437,5572.848925881627,13743.398994966214,0.9999989225459764,0.7212597996211465,0.8641868512110726
dsm,mimic_cr,8,3,0.749848971937433,0.1615467161901922,413.6604687337241,1041.7019226576465,1337.891291567954,0.2818694132137939,0.7212597996211465,0.8641868512110726
mensa,mimic_cr,8,1,0.5716137171694001,0.1511824140112736,170.00090336413035,4055.2889235173566,10299.996214914105,0.7400180960026628,0.725083258363554,0.863538062283737
mensa,mimic_cr,8,2,0.6732395228701278,0.1162493783868052,107.40139138334072,9690.573186547364,22317.64354884921,0.3997857882698631,0.725083258363554,0.863538062283737
mensa,mimic_cr,8,3,0.7536818695021301,0.1586036119460683,403.69434854433416,928.983212173023,1274.562529862517,0.9575765395399626,0.725083258363554,0.863538062283737
deepsurv,rotterdam_cr,8,1,0.7968347720733,0.0751840775611622,481.5974277660621,13216.128762162756,19251.77669695222,0.999991313090887,0.7197730083225224,0.8832335329341318
deepsurv,rotterdam_cr,8,2,0.7111926141393702,0.2205235283882727,1126.2208839906373,2370.734134297611,3620.850027030571,0.6767784769857641,0.7197730083225224,0.8832335329341318
deephit,rotterdam_cr,8,1,0.7370134787217931,0.076721679691811,449.4144556595204,2450.884602852307,11642.25838765425,0.0152517936845974,0.6678956991449879,0.8772455089820359
deephit,rotterdam_cr,8,2,0.6601998229416972,0.210946489832577,1284.1036342566504,2751.0400103761044,4110.233370304611,0.010334168775811,0.6678956991449879,0.8772455089820359
hierarch,rotterdam_cr,8,1,0.7847947902468575,0.9084594451042242,2125.250152215897,11128.357773475542,20498.36099486316,0.0,0.6583820773683532,0.7425149700598802
hierarch,rotterdam_cr,8,2,0.6443067324311791,0.5182453943323295,2137.281223136853,4225.7065580132,5600.581739464584,0.0,0.6583820773683532,0.7425149700598802
mtlrcr,rotterdam_cr,8,1,0.7998636983189459,0.0863027783267156,179.27880038308382,6187.382555443895,15557.385776831512,0.0942919034863198,0.7206606428901988,0.8473053892215568
mtlrcr,rotterdam_cr,8,2,0.7118418279161924,0.226410761129097,902.92630137556,2753.2985740628537,4128.056808000948,1.6270859828426132e-05,0.7206606428901988,0.8473053892215568
dsm,rotterdam_cr,8,1,0.760487657125549,0.1051202182078102,236.35355813177523,6029.520057232238,15399.52327861986,0.9976853718474474,0.733375818406658,0.8413173652694611
dsm,rotterdam_cr,8,2,0.7303570675772523,0.1917301531645679,979.0635285118872,2337.966236828326,3685.4076861548433,0.0189600860614639,0.733375818406658,0.8413173652694611
mensa,rotterdam_cr,8,1,0.810616386490989,0.0872882591738089,208.02466450263907,5911.9134537858245,15281.916675173446,0.9999999872423976,0.7350903945801185,0.8832335329341318
mensa,rotterdam_cr,8,2,0.7266809999578433,0.1935030064878432,874.1137260436467,2504.9185218746934,3879.6318180268872,0.2757349307072395,0.7350903945801185,0.8832335329341318
deepsurv,seer_cr,9,1,0.5708812173877641,0.1024783285405961,8.197751196774833,22.73727193100379,70.81000747684831,0.9999996492237488,0.7121876966548227,0.7845876520955385
deepsurv,seer_cr,9,2,0.745093980467569,0.1556831320958748,17.83807681140481,29.34808242834509,36.85676989222476,0.0383950817332119,0.7121876966548227,0.7845876520955385
deephit,seer_cr,9,1,0.5761195312659032,0.1077749124939329,19.95608771119992,134.73909555763208,154.02551039693174,0.0007547207687946,0.7105441803416309,0.7796304641730509
deephit,seer_cr,9,2,0.741847880475259,0.173407558671688,20.288266282242223,27.89115989761433,36.92283230712201,1.6257820982111815e-16,0.7105441803416309,0.7796304641730509
hierarch,seer_cr,9,1,0.5799487477579971,0.170070059960393,8.479011668635671,49.92822027661039,98.12048069792732,2.069968269849148e-81,0.708853669800612,0.701216764308247
hierarch,seer_cr,9,2,0.7388719815694417,0.1611389686089815,18.60072132741953,26.557671313994103,35.599746297190826,0.0014330909711256,0.708853669800612,0.701216764308247
mtlrcr,seer_cr,9,1,0.5212710375073225,0.139808627389854,8.166845703349132,42.72009486346309,92.2877906861702,2.925474408920503e-48,0.6457656278236589,0.743578188373141
mtlrcr,seer_cr,9,2,0.6747568980283222,0.1916489951398613,20.095738537335777,34.305159466769005,43.67868164914162,4.943026415724872e-71,0.6457656278236589,0.743578188373141
dsm,seer_cr,9,1,0.600424764830015,0.1046815277404992,15.465533737781929,89.04404392357905,115.3594833917426,0.3715147217377709,0.7251185856617193,0.7868409193330329
dsm,seer_cr,9,2,0.7541562510204963,0.153731995892265,23.308705578385787,56.20595826003451,57.50806707378452,2.279287299535189e-06,0.7251185856617193,0.7868409193330329
mensa,seer_cr,9,1,0.5679408857635928,0.1026436687162064,8.168388030711467,25.076199013787782,72.52369341133056,0.5276822453228396,0.7131113468417529,0.7787291572780531
mensa,seer_cr,9,2,0.7469174427705672,0.1556269365230811,17.106575149654542,27.64964958553509,36.03362564339319,0.1624705789971581,0.7131113468417529,0.7787291572780531
deepsurv,mimic_cr,9,1,0.6170641388392683,0.107975161937958,464.7527469212949,4743.412771417488,10338.864043816504,0.9999935215091318,0.7369461520235923,0.8518677544010305
deepsurv,mimic_cr,9,2,0.7052280542291561,0.068459876738249,423.370392142324,8768.21117278598,17205.955399408904,0.9999784030925568,0.7369461520235923,0.8518677544010305
deepsurv,mimic_cr,9,3,0.7602085744627537,0.1497715489466808,386.3484562245709,976.7506936775942,1320.7660690382274,0.8559193270049834,0.7369461520235923,0.8518677544010305
deephit,mimic_cr,9,1,0.5567365991681118,0.1141698084889912,837.054926214473,6089.446417346874,9057.898966297886,0.9840866911621912,0.679353848864053,0.8404894804637183
deephit,mimic_cr,9,2,0.5730377416831126,0.0713577990683595,561.0292263295887,4171.07904376937,12771.011161298087,0.9997043638667384,0.679353848864053,0.8404894804637183
deephit,mimic_cr,9,3,0.7108701052309582,0.1910779423408101,591.7301927147224,1064.6326681912687,1435.6557416301691,1.84739005212222e-22,0.679353848864053,0.8404894804637183
hierarch,mimic_cr,9,1,0.5918049887212653,0.8360656676923033,814.7373252460404,8469.886858475775,15008.491159844289,0.0,0.7030886300151105,0.7262773722627737
hierarch,mimic_cr,9,2,0.6414571232316693,0.8792612599536908,805.7783087035488,12848.097236828686,24029.10602068255,0.0,0.7030886300151105,0.7262773722627737
hierarch,mimic_cr,9,3,0.7280476679643814,0.457198161887864,823.7642518332133,1991.2814716721684,2408.6932334142443,0.0,0.7030886300151105,0.7262773722627737
mtlrcr,mimic_cr,9,1,0.5695917489210228,0.2250922254086833,190.5685176026563,6436.41871322196,12975.023014590472,4.0607342747073065e-66,0.6733238355288897,0.708029197080292
mtlrcr,mimic_cr,9,2,0.620775668681687,0.1401852738028318,120.54643026839808,10287.09030153078,21468.09908538464,5.214156033829056e-29,0.6733238355288897,0.708029197080292
mtlrcr,mimic_cr,9,3,0.6960768085113307,0.1779932670035232,419.4319802929491,1097.704646583117,1501.3669386133522,9.30059190383469e-67,0.6733238355288897,0.708029197080292
dsm,mimic_cr,9,1,0.5356486250374871,0.1136452000134852,661.685872022104,2776.456205563112,7290.890746999923,0.9993007688465324,0.7071431205101366,0.8505796479175611
dsm,mimic_cr,9,2,0.6308507702109027,0.0726446844471317,651.890155384742,6197.215934464104,12595.534622600831,0.9999999274419252,0.7071431205101366,0.8505796479175611
dsm,mimic_cr,9,3,0.7436530036002634,0.1582300303292842,412.293579708015,1024.281846914577,1357.9896004072518,0.1453598540739947,0.7071431205101366,0.8505796479175611
mensa,mimic_cr,9,1,0.5778780331972931,0.104184327589798,193.66395480147463,5084.956789613098,11623.56109098161,0.9962105320690948,0.730623386448661,0.8518677544010305
mensa,mimic_cr,9,2,0.6637032794403598,0.0659615526926848,120.68785991109353,9154.365525576311,20335.37430943018,0.999999904496761,0.730623386448661,0.8518677544010305
mensa,mimic_cr,9,3,0.7630338971467994,0.1494265026818995,373.62443382706846,902.683486893006,1287.0366676985072,0.817152767465988,0.730623386448661,0.8518677544010305
deepsurv,rotterdam_cr,9,1,0.8471059972105998,0.0712993566752957,449.9110820762727,31774.27031665424,36321.22824170649,0.9998768553583068,0.7021540334313114,0.9023668639053254
deepsurv,rotterdam_cr,9,2,0.6886622529451855,0.2015091752961556,1098.584466404127,2345.822330750628,3575.593535637572,0.5745652686003119,0.7021540334313114,0.9023668639053254
deephit,rotterdam_cr,9,1,0.7786785216178521,0.0775865577928288,362.2401144159765,5035.936003604912,15822.13524808148,0.0015601003434271,0.6517472759122354,0.8964497041420119
deephit,rotterdam_cr,9,2,0.6399328205627495,0.2184442720714457,1435.5516563931765,2745.50131800958,4062.8214860148814,3.354753481633106e-05,0.6517472759122354,0.8964497041420119
hierarch,rotterdam_cr,9,1,0.8254009762900977,0.9388798001654284,2046.1930578301149,13820.745258014713,24611.06800078375,0.0,0.6539295151569134,0.7544378698224852
hierarch,rotterdam_cr,9,2,0.637969363580307,0.5470081980302792,2064.006336952268,4010.573630437838,5350.26166605605,0.0,0.6539295151569134,0.7544378698224852
mtlrcr,rotterdam_cr,9,1,0.8338563458856346,0.1106611931676967,148.5001970739441,8889.807202956557,19680.129945725595,0.006252706073791,0.6938555862355631,0.8698224852071006
mtlrcr,rotterdam_cr,9,2,0.6808246519326259,0.2263475623283613,955.4507855155634,2697.116008668351,4036.804044286564,0.0002976673095926,0.6938555862355631,0.8698224852071006
dsm,rotterdam_cr,9,1,0.796373779637378,0.0776254360175499,235.492257829506,8432.954600893,18996.622142265263,0.9469748707708976,0.7020872301891274,0.8757396449704142
dsm,rotterdam_cr,9,2,0.6933112647259274,0.2047519472560067,1076.1859586200967,2369.071175087718,3677.083112255628,0.4888647707497183,0.7020872301891274,0.8757396449704142
mensa,rotterdam_cr,9,1,0.8482391910739191,0.07988614489500855,169.70697921740353,8506.763584841334,19297.08632761037,0.9998276948633513,0.7033119562958344,0.8964497041420119
mensa,rotterdam_cr,9,2,0.6898224775257197,0.20091371678951395,974.4297410904342,2505.7435793697105,3845.4316149879232,0.5619796097388153,0.7033119562958344,0.8964497041420119
